<?xml version="1.0" encoding ="utf-8"?>
<swc xmlns="http://www.adobe.com/flash/swccatalog/9">
  <versions>
    <swc version="1.0" />
    <flash version="9.0" build="r494" platform="WIN" />
  </versions>
  <features>
    <feature-script-deps />
    <feature-files />
  </features>
  <libraries>
    <library path="library.swf">
      <script name="Untitled_fla/MainTimeline" mod="1217139197625" >
        <def id="Untitled_fla:MainTimeline" /> 
        <dep id="flash.display:MovieClip" type="i" /> 
        <dep id="AS3" type="n" /> 
      </script>
    </library>
  </libraries>
  <files>
  </files>
</swc>
