<?xml version="1.0" encoding ="utf-8"?>
<swc xmlns="http://www.adobe.com/flash/swccatalog/9">
  <versions>
    <swc version="1.0" />
    <flash version="9.0" build="r494" platform="WIN" />
  </versions>
  <features>
    <feature-script-deps />
    <feature-components />
    <feature-files />
  </features>
  <components>
    <component className="PetsittersApplication" name="PetsittersApplication" tooltip="PetsittersApplication"  />
  </components>
  <libraries>
    <library path="library.swf">
      <script name="inky/framework/core/inky" mod="1217015889906" >
        <def id="inky.framework.core:inky" /> 
        <dep id="AS3" type="n" /> 
      </script>
      <script name="inky/framework/core/inky_internal" mod="1217015896921" >
        <def id="inky.framework.core:inky_internal" /> 
        <dep id="AS3" type="n" /> 
      </script>
      <script name="inky/framework/core/IInkyDataParser" mod="1217015672109" >
        <def id="inky.framework.core:IInkyDataParser" /> 
        <dep id="Object" type="i" /> 
        <dep id="AS3" type="n" /> 
        <dep id="XML" type="s" /> 
      </script>
      <script name="inky/framework/data/SectionInfo" mod="1217015667796" >
        <def id="inky.framework.data:SectionInfo" /> 
        <dep id="Object" type="i" /> 
        <dep id="inky.framework.core:inky" type="n" /> 
        <dep id="AS3" type="n" /> 
        <dep id="inky.framework.core:inky_internal" type="n" /> 
        <dep id="inky.framework.utils:SPath" type="s" /> 
        <dep id="Error" type="s" /> 
        <dep id="XML" type="s" /> 
        <dep id="inky.framework.utils:RouteMapper" type="s" /> 
        <dep id="RegExp" type="e" /> 
        <dep id="inky.framework.core:inky" type="e" /> 
        <dep id="inky.framework.utils:SPath" type="e" /> 
        <dep id="Error" type="e" /> 
        <dep id="trace" type="e" /> 
        <dep id="com.exanimo.utils:URLUtil" type="e" /> 
        <dep id="inky.framework.utils:RouteMapper" type="e" /> 
      </script>
      <script name="inky/framework/managers/MarkupObjectManager" mod="1217018345609" >
        <def id="inky.framework.managers:MarkupObjectManager" /> 
        <dep id="Object" type="i" /> 
        <dep id="inky.framework.core:inky" type="n" /> 
        <dep id="AS3" type="n" /> 
        <dep id="inky.framework.core:inky_internal" type="n" /> 
        <dep id="flash.utils:Dictionary" type="s" /> 
        <dep id="inky.framework.data:SectionInfo" type="s" /> 
        <dep id="flash.display:DisplayObject" type="s" /> 
        <dep id="com.exanimo.collections:E4XHashMap" type="s" /> 
        <dep id="inky.framework.events:PropertyChangeEvent" type="s" /> 
        <dep id="Error" type="s" /> 
        <dep id="flash.display:DisplayObjectContainer" type="s" /> 
        <dep id="flash.events:Event" type="s" /> 
        <dep id="inky.framework.core:Section" type="s" /> 
        <dep id="XML" type="s" /> 
        <dep id="XMLList" type="s" /> 
        <dep id="flash.utils:Dictionary" type="e" /> 
        <dep id="inky.framework.net:SoundLoader" type="e" /> 
        <dep id="inky.framework.data:Model" type="e" /> 
        <dep id="inky.framework.net:ImageLoader" type="e" /> 
        <dep id="inky.framework.transitions:ActionSequence" type="e" /> 
        <dep id="inky.framework.events:PropertyChangeEventKind" type="e" /> 
        <dep id="flash.events:Event" type="e" /> 
        <dep id="inky.framework.transitions:ActionGroup" type="e" /> 
        <dep id="inky.framework.core:IInkyDataParser" type="e" /> 
        <dep id="com.exanimo.collections:E4XHashMap" type="e" /> 
        <dep id="inky.framework.events:PropertyChangeEvent" type="e" /> 
        <dep id="flash.display:DisplayObjectContainer" type="e" /> 
        <dep id="inky.framework.net:XMLLoader" type="e" /> 
        <dep id="XML" type="e" /> 
        <dep id="inky.framework.core:Section" type="e" /> 
        <dep id="trace" type="e" /> 
        <dep id="flash.utils:getDefinitionByName" type="e" /> 
        <dep id="flash.utils:describeType" type="e" /> 
        <dep id="inky.framework.net:SWFLoader" type="e" /> 
        <dep id="XMLList" type="e" /> 
        <dep id="flash.events:IEventDispatcher" type="e" /> 
        <dep id="ArgumentError" type="e" /> 
        <dep id="inky.framework.net:RuntimeLibraryLoader" type="e" /> 
        <dep id="flash.display:DisplayObject" type="e" /> 
        <dep id="inky.framework.core:inky" type="e" /> 
        <dep id="Error" type="e" /> 
        <dep id="com.exanimo.utils:URLUtil" type="e" /> 
      </script>
      <script name="inky/framework/managers/NavigationManager" mod="1217015578406" >
        <def id="inky.framework.managers:NavigationManager" /> 
        <dep id="Object" type="i" /> 
        <dep id="AS3" type="n" /> 
        <dep id="inky.framework.core:inky_internal" type="n" /> 
        <dep id="flash.utils:Dictionary" type="s" /> 
        <dep id="inky.framework.managers:LoadManager" type="s" /> 
        <dep id="inky.framework.data:SectionInfo" type="s" /> 
        <dep id="inky.framework.utils:SPath" type="s" /> 
        <dep id="Error" type="s" /> 
        <dep id="flash.events:IEventDispatcher" type="s" /> 
        <dep id="inky.framework.core:Section" type="s" /> 
        <dep id="flash.events:Event" type="s" /> 
        <dep id="XML" type="s" /> 
        <dep id="flash.utils:Dictionary" type="e" /> 
        <dep id="inky.framework.events:SectionEvent" type="e" /> 
        <dep id="inky.framework.utils:SPath" type="e" /> 
        <dep id="Error" type="e" /> 
        <dep id="com.asual.swfaddress:SWFAddressEvent" type="e" /> 
        <dep id="inky.framework.events:TransitionEvent" type="e" /> 
        <dep id="inky.framework.core:Section" type="e" /> 
        <dep id="ArgumentError" type="e" /> 
        <dep id="trace" type="e" /> 
        <dep id="com.asual.swfaddress:SWFAddress" type="e" /> 
        <dep id="flash.utils:getDefinitionByName" type="e" /> 
      </script>
      <script name="inky/framework/display/TransitioningObjectState" mod="1217015648468" >
        <def id="inky.framework.display:TransitioningObjectState" /> 
        <dep id="Object" type="i" /> 
        <dep id="AS3" type="n" /> 
      </script>
      <script name="com/exanimo/controls/ProgressBarMode" mod="1193700037025" >
        <def id="com.exanimo.controls:ProgressBarMode" /> 
        <dep id="Object" type="i" /> 
        <dep id="AS3" type="n" /> 
      </script>
      <script name="com/exanimo/utils/URLUtil" mod="1205893064110" >
        <def id="com.exanimo.utils:URLUtil" /> 
        <dep id="Object" type="i" /> 
        <dep id="AS3" type="n" /> 
        <dep id="Error" type="e" /> 
        <dep id="ArgumentError" type="e" /> 
        <dep id="Math" type="e" /> 
      </script>
      <script name="com/exanimo/collections/IIterable" mod="1214102327312" >
        <def id="com.exanimo.collections:IIterable" /> 
        <dep id="Object" type="i" /> 
        <dep id="AS3" type="n" /> 
        <dep id="com.exanimo.collections:IIterator" type="s" /> 
      </script>
      <script name="inky/framework/utils/RouteMapper" mod="1217015395671" >
        <def id="inky.framework.utils:RouteMapper" /> 
        <dep id="Object" type="i" /> 
        <dep id="AS3" type="n" /> 
        <dep id="inky.framework.utils:Route" type="s" /> 
        <dep id="inky.framework.utils:SPath" type="s" /> 
        <dep id="inky.framework.utils:Route" type="e" /> 
        <dep id="Error" type="e" /> 
        <dep id="ArgumentError" type="e" /> 
      </script>
      <script name="com/exanimo/collections/IIterator" mod="1214102299625" >
        <def id="com.exanimo.collections:IIterator" /> 
        <dep id="Object" type="i" /> 
        <dep id="AS3" type="n" /> 
      </script>
      <script name="inky/framework/events/PropertyChangeEventKind" mod="1217015588265" >
        <def id="inky.framework.events:PropertyChangeEventKind" /> 
        <dep id="Object" type="i" /> 
        <dep id="AS3" type="n" /> 
      </script>
      <script name="com/asual/swfaddress/SWFAddress" mod="1204942803875" >
        <def id="com.asual.swfaddress:SWFAddress" /> 
        <dep id="Object" type="i" /> 
        <dep id="AS3" type="n" /> 
        <dep id="flash.events:Event" type="s" /> 
        <dep id="flash.events:EventDispatcher" type="s" /> 
        <dep id="flash.external:ExternalInterface" type="e" /> 
        <dep id="flash.utils:clearInterval" type="e" /> 
        <dep id="flash.utils:setInterval" type="e" /> 
        <dep id="com.asual.swfaddress:SWFAddressEvent" type="e" /> 
        <dep id="flash.events:EventDispatcher" type="e" /> 
      </script>
      <script name="com/exanimo/collections/IMap" mod="1215811055609" >
        <def id="com.exanimo.collections:IMap" /> 
        <dep id="Object" type="i" /> 
        <dep id="AS3" type="n" /> 
        <dep id="com.exanimo.collections:ICollection" type="s" /> 
      </script>
      <script name="inky/framework/net/AssetLoaderBehavior" mod="1217015476937" >
        <def id="inky.framework.net:AssetLoaderBehavior" /> 
        <dep id="Object" type="i" /> 
        <dep id="AS3" type="n" /> 
        <dep id="flash.events:Event" type="s" /> 
        <dep id="flash.net:URLRequest" type="s" /> 
        <dep id="inky.framework.net:IAssetLoader" type="s" /> 
        <dep id="inky.framework.events:AssetLoaderEvent" type="e" /> 
        <dep id="inky.framework.events:PropertyChangeEvent" type="e" /> 
        <dep id="Error" type="e" /> 
        <dep id="inky.framework.core:Section" type="e" /> 
        <dep id="flash.net:URLRequest" type="e" /> 
      </script>
      <script name="inky/framework/utils/Route" mod="1217015402421" >
        <def id="inky.framework.utils:Route" /> 
        <dep id="Object" type="i" /> 
        <dep id="AS3" type="n" /> 
        <dep id="RegExp" type="s" /> 
        <dep id="inky.framework.utils:SPath" type="s" /> 
        <dep id="RegExp" type="e" /> 
        <dep id="ArgumentError" type="e" /> 
      </script>
      <script name="com/exanimo/display/IDisplayObject" mod="1207283028901" >
        <def id="com.exanimo.display:IDisplayObject" /> 
        <dep id="flash.events:IEventDispatcher" type="i" /> 
        <dep id="Object" type="i" /> 
        <dep id="AS3" type="n" /> 
        <dep id="flash.display:LoaderInfo" type="s" /> 
        <dep id="flash.geom:Rectangle" type="s" /> 
        <dep id="flash.accessibility:AccessibilityProperties" type="s" /> 
        <dep id="flash.display:DisplayObject" type="s" /> 
        <dep id="flash.geom:Point" type="s" /> 
        <dep id="flash.display:DisplayObjectContainer" type="s" /> 
        <dep id="flash.display:Stage" type="s" /> 
        <dep id="flash.geom:Transform" type="s" /> 
      </script>
      <script name="inky/framework/utils/IAction" mod="1217015414375" >
        <def id="inky.framework.utils:IAction" /> 
        <dep id="flash.events:IEventDispatcher" type="i" /> 
        <dep id="Object" type="i" /> 
        <dep id="AS3" type="n" /> 
      </script>
      <script name="inky/framework/net/IAssetLoader" mod="1217015519687" >
        <def id="inky.framework.net:IAssetLoader" /> 
        <dep id="flash.events:IEventDispatcher" type="i" /> 
        <dep id="Object" type="i" /> 
        <dep id="AS3" type="n" /> 
      </script>
      <script name="inky/framework/events/TransitionEvent" mod="1217015613265" >
        <def id="inky.framework.events:TransitionEvent" /> 
        <dep id="flash.events:Event" type="i" /> 
        <dep id="AS3" type="n" /> 
      </script>
      <script name="inky/framework/events/ActionEvent" mod="1217015608921" >
        <def id="inky.framework.events:ActionEvent" /> 
        <dep id="flash.events:Event" type="i" /> 
        <dep id="AS3" type="n" /> 
      </script>
      <script name="com/exanimo/events/LoadQueueEvent" mod="1207284484261" >
        <def id="com.exanimo.events:LoadQueueEvent" /> 
        <dep id="flash.events:Event" type="i" /> 
        <dep id="AS3" type="n" /> 
        <dep id="com.exanimo.net:LoadQueue" type="s" /> 
      </script>
      <script name="inky/framework/events/PropertyChangeEvent" mod="1217015592218" >
        <def id="inky.framework.events:PropertyChangeEvent" /> 
        <dep id="flash.events:Event" type="i" /> 
        <dep id="AS3" type="n" /> 
        <dep id="inky.framework.events:PropertyChangeEventKind" type="e" /> 
      </script>
      <script name="inky/framework/events/SectionEvent" mod="1217015583562" >
        <def id="inky.framework.events:SectionEvent" /> 
        <dep id="flash.events:Event" type="i" /> 
        <dep id="AS3" type="n" /> 
      </script>
      <script name="com/asual/swfaddress/SWFAddressEvent" mod="1204942803875" >
        <def id="com.asual.swfaddress:SWFAddressEvent" /> 
        <dep id="flash.events:Event" type="i" /> 
        <dep id="AS3" type="n" /> 
        <dep id="com.asual.swfaddress:SWFAddress" type="e" /> 
      </script>
      <script name="inky/framework/events/AssetLoaderEvent" mod="1217015602765" >
        <def id="inky.framework.events:AssetLoaderEvent" /> 
        <dep id="flash.events:Event" type="i" /> 
        <dep id="AS3" type="n" /> 
      </script>
      <script name="com/exanimo/collections/ICollection" mod="1214102335234" >
        <def id="com.exanimo.collections:ICollection" /> 
        <dep id="Object" type="i" /> 
        <dep id="com.exanimo.collections:IIterable" type="i" /> 
        <dep id="AS3" type="n" /> 
      </script>
      <script name="com/exanimo/collections/IListIterator" mod="1214095221515" >
        <def id="com.exanimo.collections:IListIterator" /> 
        <dep id="com.exanimo.collections:IIterator" type="i" /> 
        <dep id="Object" type="i" /> 
        <dep id="AS3" type="n" /> 
      </script>
      <script name="com/exanimo/collections/E4XHashMap" mod="1215811055625" >
        <def id="com.exanimo.collections:E4XHashMap" /> 
        <dep id="com.exanimo.collections:IMap" type="i" /> 
        <dep id="Object" type="i" /> 
        <dep id="AS3" type="n" /> 
        <dep id="com.exanimo.collections:ICollection" type="s" /> 
        <dep id="flash.utils:Dictionary" type="s" /> 
        <dep id="flash.utils:Dictionary" type="e" /> 
        <dep id="Error" type="e" /> 
        <dep id="XMLList" type="e" /> 
        <dep id="XML" type="e" /> 
      </script>
      <script name="inky/framework/data/ModelData" mod="1217015654453" >
        <def id="inky.framework.data:ModelData" /> 
        <dep id="flash.utils:Proxy" type="i" /> 
        <dep id="flash.events:IEventDispatcher" type="i" /> 
        <dep id="AS3" type="n" /> 
        <dep id="inky.framework.events:PropertyChangeEvent" type="s" /> 
        <dep id="flash.events:Event" type="s" /> 
        <dep id="flash.events:EventDispatcher" type="s" /> 
        <dep id="inky.framework.events:PropertyChangeEvent" type="e" /> 
        <dep id="inky.framework.events:PropertyChangeEventKind" type="e" /> 
        <dep id="TypeError" type="e" /> 
        <dep id="flash.events:EventDispatcher" type="e" /> 
      </script>
      <script name="inky/framework/display/ITransitioningObject" mod="1217015644078" >
        <def id="inky.framework.display:ITransitioningObject" /> 
        <dep id="com.exanimo.display:IDisplayObject" type="i" /> 
        <dep id="Object" type="i" /> 
        <dep id="AS3" type="n" /> 
        <dep id="inky.framework.utils:IAction" type="s" /> 
      </script>
      <script name="com/exanimo/controls/IProgressBar" mod="1210985115218" >
        <def id="com.exanimo.controls:IProgressBar" /> 
        <dep id="com.exanimo.display:IDisplayObject" type="i" /> 
        <dep id="Object" type="i" /> 
        <dep id="AS3" type="n" /> 
      </script>
      <script name="inky/framework/display/TransitioningObjectBehavior" mod="1217015622546" >
        <def id="inky.framework.display:TransitioningObjectBehavior" /> 
        <dep id="flash.events:EventDispatcher" type="i" /> 
        <dep id="AS3" type="n" /> 
        <dep id="inky.framework.utils:IAction" type="s" /> 
        <dep id="flash.display:DisplayObject" type="s" /> 
        <dep id="inky.framework.events:ActionEvent" type="s" /> 
        <dep id="flash.events:Event" type="s" /> 
        <dep id="inky.framework.events:ActionEvent" type="e" /> 
        <dep id="inky.framework.events:TransitionEvent" type="e" /> 
        <dep id="flash.events:Event" type="e" /> 
        <dep id="inky.framework.display:TransitioningObjectState" type="e" /> 
      </script>
      <script name="inky/framework/managers/LoadManager" mod="1217015564000" >
        <def id="inky.framework.managers:LoadManager" /> 
        <dep id="flash.events:EventDispatcher" type="i" /> 
        <dep id="inky.framework.core:inky" type="n" /> 
        <dep id="AS3" type="n" /> 
        <dep id="inky.framework.core:inky_internal" type="n" /> 
        <dep id="inky.framework.data:SectionInfo" type="s" /> 
        <dep id="inky.framework.net:LoadQueue" type="s" /> 
        <dep id="inky.framework.utils:SPath" type="s" /> 
        <dep id="Error" type="s" /> 
        <dep id="flash.events:Event" type="s" /> 
        <dep id="inky.framework.core:Section" type="s" /> 
        <dep id="XMLList" type="s" /> 
        <dep id="XML" type="s" /> 
        <dep id="com.exanimo.events:LoadQueueEvent" type="s" /> 
        <dep id="flash.net:URLRequest" type="s" /> 
        <dep id="flash.system:LoaderContext" type="e" /> 
        <dep id="inky.framework.net:LoadQueue" type="e" /> 
        <dep id="Error" type="e" /> 
        <dep id="inky.framework.utils:SPath" type="e" /> 
        <dep id="flash.system:ApplicationDomain" type="e" /> 
        <dep id="flash.events:Event" type="e" /> 
        <dep id="com.exanimo.events:LoadQueueEvent" type="e" /> 
        <dep id="flash.net:URLRequest" type="e" /> 
        <dep id="flash.display:Loader" type="e" /> 
        <dep id="inky.framework.net:IAssetLoader" type="e" /> 
      </script>
      <script name="com/exanimo/net/LoadQueue" mod="1215811055750" >
        <def id="com.exanimo.net:LoadQueue" /> 
        <dep id="flash.events:EventDispatcher" type="i" /> 
        <dep id="AS3" type="n" /> 
        <dep id="flash.utils:Dictionary" type="s" /> 
        <dep id="Error" type="s" /> 
        <dep id="flash.events:IEventDispatcher" type="s" /> 
        <dep id="flash.events:Event" type="s" /> 
        <dep id="flash.utils:Dictionary" type="e" /> 
        <dep id="flash.utils:setTimeout" type="e" /> 
        <dep id="flash.utils:clearTimeout" type="e" /> 
        <dep id="flash.events:Event" type="e" /> 
        <dep id="flash.events:IEventDispatcher" type="e" /> 
        <dep id="ArgumentError" type="e" /> 
        <dep id="Math" type="e" /> 
        <dep id="flash.events:IOErrorEvent" type="e" /> 
        <dep id="flash.display:Loader" type="e" /> 
        <dep id="flash.display:LoaderInfo" type="e" /> 
        <dep id="flash.events:SecurityErrorEvent" type="e" /> 
        <dep id="RangeError" type="e" /> 
        <dep id="Error" type="e" /> 
        <dep id="com.exanimo.events:LoadQueueEvent" type="e" /> 
      </script>
      <script name="inky/framework/data/Model" mod="1217015661703" >
        <def id="inky.framework.data:Model" /> 
        <dep id="flash.events:EventDispatcher" type="i" /> 
        <dep id="inky.framework.core:IInkyDataParser" type="i" /> 
        <dep id="AS3" type="n" /> 
        <dep id="inky.framework.managers:MarkupObjectManager" type="s" /> 
        <dep id="XML" type="s" /> 
        <dep id="inky.framework.data:ModelData" type="s" /> 
        <dep id="inky.framework.core:Section" type="e" /> 
        <dep id="inky.framework.data:ModelData" type="e" /> 
      </script>
      <script name="inky/framework/transitions/PlayFrameLabelAction" mod="1217015434890" >
        <def id="inky.framework.transitions:PlayFrameLabelAction" /> 
        <dep id="inky.framework.utils:IAction" type="i" /> 
        <dep id="flash.events:EventDispatcher" type="i" /> 
        <dep id="AS3" type="n" /> 
        <dep id="flash.display:FrameLabel" type="s" /> 
        <dep id="flash.events:Event" type="s" /> 
        <dep id="inky.framework.events:ActionEvent" type="e" /> 
        <dep id="flash.events:Event" type="e" /> 
      </script>
      <script name="inky/framework/net/AbstractAssetLoader" mod="1217015489859" >
        <def id="inky.framework.net:AbstractAssetLoader" /> 
        <dep id="flash.events:EventDispatcher" type="i" /> 
        <dep id="inky.framework.net:IAssetLoader" type="i" /> 
        <dep id="AS3" type="n" /> 
        <dep id="flash.events:Event" type="s" /> 
        <dep id="flash.net:URLRequest" type="s" /> 
        <dep id="inky.framework.net:AssetLoaderBehavior" type="s" /> 
        <dep id="Error" type="e" /> 
        <dep id="ArgumentError" type="e" /> 
        <dep id="flash.utils:getQualifiedClassName" type="e" /> 
        <dep id="inky.framework.net:AssetLoaderBehavior" type="e" /> 
      </script>
      <script name="com/exanimo/collections/IList" mod="1214102324421" >
        <def id="com.exanimo.collections:IList" /> 
        <dep id="com.exanimo.collections:ICollection" type="i" /> 
        <dep id="Object" type="i" /> 
        <dep id="AS3" type="n" /> 
        <dep id="com.exanimo.collections:IListIterator" type="s" /> 
      </script>
      <script name="com/exanimo/collections/ISet" mod="1214102270156" >
        <def id="com.exanimo.collections:ISet" /> 
        <dep id="com.exanimo.collections:ICollection" type="i" /> 
        <dep id="Object" type="i" /> 
        <dep id="AS3" type="n" /> 
      </script>
      <script name="com/exanimo/collections/AbstractListIterator" mod="1214102248718" >
        <def id="com.exanimo.collections:AbstractListIterator" /> 
        <dep id="Object" type="i" /> 
        <dep id="com.exanimo.collections:IListIterator" type="i" /> 
        <dep id="AS3" type="n" /> 
        <dep id="Error" type="e" /> 
        <dep id="ArgumentError" type="e" /> 
      </script>
      <script name="inky/framework/net/LoadQueue" mod="1217015509484" >
        <def id="inky.framework.net:LoadQueue" /> 
        <dep id="com.exanimo.net:LoadQueue" type="i" /> 
        <dep id="AS3" type="n" /> 
        <dep id="inky.framework.net:IAssetLoader" type="e" /> 
      </script>
      <script name="inky/framework/net/XMLLoader" mod="1217015494718" >
        <def id="inky.framework.net:XMLLoader" /> 
        <dep id="inky.framework.net:AbstractAssetLoader" type="i" /> 
        <dep id="AS3" type="n" /> 
        <dep id="flash.net:URLLoader" type="s" /> 
        <dep id="Error" type="s" /> 
        <dep id="flash.events:Event" type="s" /> 
        <dep id="flash.events:SecurityErrorEvent" type="e" /> 
        <dep id="inky.framework.events:AssetLoaderEvent" type="e" /> 
        <dep id="flash.net:URLLoader" type="e" /> 
        <dep id="flash.events:ProgressEvent" type="e" /> 
        <dep id="flash.net:URLLoaderDataFormat" type="e" /> 
        <dep id="Error" type="e" /> 
        <dep id="flash.events:Event" type="e" /> 
        <dep id="XML" type="e" /> 
        <dep id="flash.events:HTTPStatusEvent" type="e" /> 
        <dep id="flash.utils:getDefinitionByName" type="e" /> 
        <dep id="flash.events:IOErrorEvent" type="e" /> 
      </script>
      <script name="inky/framework/net/SoundLoader" mod="1217015504453" >
        <def id="inky.framework.net:SoundLoader" /> 
        <dep id="inky.framework.net:AbstractAssetLoader" type="i" /> 
        <dep id="AS3" type="n" /> 
        <dep id="flash.media:Sound" type="s" /> 
        <dep id="flash.media:Sound" type="e" /> 
        <dep id="inky.framework.events:AssetLoaderEvent" type="e" /> 
        <dep id="flash.events:ProgressEvent" type="e" /> 
        <dep id="flash.events:Event" type="e" /> 
        <dep id="flash.events:IOErrorEvent" type="e" /> 
      </script>
      <script name="com/exanimo/collections/AbstractList" mod="1215811055578" >
        <def id="com.exanimo.collections:AbstractList" /> 
        <dep id="com.exanimo.collections:IList" type="i" /> 
        <dep id="flash.events:EventDispatcher" type="i" /> 
        <dep id="AS3" type="n" /> 
        <dep id="com.exanimo.collections:ICollection" type="s" /> 
        <dep id="com.exanimo.collections:IIterator" type="s" /> 
        <dep id="com.exanimo.collections:IListIterator" type="s" /> 
        <dep id="RangeError" type="e" /> 
        <dep id="com.exanimo.collections:RandomAccessSubList" type="e" /> 
        <dep id="com.exanimo.collections:ListIterator" type="e" /> 
      </script>
      <script name="com/exanimo/collections/RandomAccessSubList" mod="1214101609093" >
        <def id="com.exanimo.collections:RandomAccessSubList" /> 
        <dep id="com.exanimo.collections:IList" type="i" /> 
        <dep id="Object" type="i" /> 
        <dep id="AS3" type="n" /> 
        <dep id="com.exanimo.collections:ICollection" type="s" /> 
        <dep id="com.exanimo.collections:IIterator" type="s" /> 
        <dep id="com.exanimo.collections:IListIterator" type="s" /> 
        <dep id="com.exanimo.collections:ListIterator" type="e" /> 
      </script>
      <script name="com/exanimo/collections/ListIterator" mod="1214089622812" >
        <def id="com.exanimo.collections:ListIterator" /> 
        <dep id="com.exanimo.collections:AbstractListIterator" type="i" /> 
        <dep id="AS3" type="n" /> 
        <dep id="com.exanimo.collections:IList" type="s" /> 
      </script>
      <script name="com/exanimo/collections/ArrayList" mod="1214093046546" >
        <def id="com.exanimo.collections:ArrayList" /> 
        <dep id="com.exanimo.collections:AbstractList" type="i" /> 
        <dep id="AS3" type="n" /> 
      </script>
      <script name="inky/framework/utils/SPath" mod="1217015421093" >
        <def id="inky.framework.utils:SPath" /> 
        <dep id="com.exanimo.collections:ArrayList" type="i" /> 
        <dep id="AS3" type="n" /> 
      </script>
      <script name="inky/framework/transitions/ActionSequence" mod="1217016431265" >
        <def id="inky.framework.transitions:ActionSequence" /> 
        <dep id="com.exanimo.collections:ArrayList" type="i" /> 
        <dep id="inky.framework.utils:IAction" type="i" /> 
        <dep id="inky.framework.core:IInkyDataParser" type="i" /> 
        <dep id="AS3" type="n" /> 
        <dep id="inky.framework.events:ActionEvent" type="s" /> 
        <dep id="XML" type="s" /> 
        <dep id="inky.framework.events:ActionEvent" type="e" /> 
        <dep id="inky.framework.core:Section" type="e" /> 
      </script>
      <script name="inky/framework/transitions/ActionGroup" mod="1217016422171" >
        <def id="inky.framework.transitions:ActionGroup" /> 
        <dep id="com.exanimo.collections:ArrayList" type="i" /> 
        <dep id="inky.framework.utils:IAction" type="i" /> 
        <dep id="com.exanimo.collections:ISet" type="i" /> 
        <dep id="inky.framework.core:IInkyDataParser" type="i" /> 
        <dep id="AS3" type="n" /> 
        <dep id="inky.framework.events:ActionEvent" type="s" /> 
        <dep id="com.exanimo.collections:IIterator" type="s" /> 
        <dep id="XML" type="s" /> 
        <dep id="inky.framework.events:ActionEvent" type="e" /> 
        <dep id="inky.framework.core:Section" type="e" /> 
      </script>
      <script name="inky/framework/net/GraphicLoader" mod="1217015470171" >
        <def id="inky.framework.net:GraphicLoader" /> 
        <dep id="flash.display:Sprite" type="i" /> 
        <dep id="inky.framework.net:IAssetLoader" type="i" /> 
        <dep id="AS3" type="n" /> 
        <dep id="flash.events:Event" type="s" /> 
        <dep id="flash.display:Loader" type="s" /> 
        <dep id="inky.framework.net:AssetLoaderBehavior" type="s" /> 
        <dep id="inky.framework.events:AssetLoaderEvent" type="e" /> 
        <dep id="flash.utils:setTimeout" type="e" /> 
        <dep id="flash.events:ProgressEvent" type="e" /> 
        <dep id="flash.system:LoaderContext" type="e" /> 
        <dep id="flash.system:ApplicationDomain" type="e" /> 
        <dep id="flash.events:Event" type="e" /> 
        <dep id="flash.events:HTTPStatusEvent" type="e" /> 
        <dep id="ArgumentError" type="e" /> 
        <dep id="flash.utils:getQualifiedClassName" type="e" /> 
        <dep id="inky.framework.net:AssetLoaderBehavior" type="e" /> 
        <dep id="flash.events:IOErrorEvent" type="e" /> 
        <dep id="flash.display:Loader" type="e" /> 
      </script>
      <script name="inky/framework/display/TransitioningMovieClip" mod="1217015636843" >
        <def id="inky.framework.display:TransitioningMovieClip" /> 
        <dep id="inky.framework.display:ITransitioningObject" type="i" /> 
        <dep id="flash.display:MovieClip" type="i" /> 
        <dep id="AS3" type="n" /> 
        <dep id="inky.framework.utils:IAction" type="s" /> 
        <dep id="inky.framework.events:TransitionEvent" type="s" /> 
        <dep id="flash.display:FrameLabel" type="s" /> 
        <dep id="inky.framework.display:TransitioningObjectBehavior" type="s" /> 
        <dep id="inky.framework.transitions:PlayFrameLabelAction" type="e" /> 
        <dep id="inky.framework.events:TransitionEvent" type="e" /> 
        <dep id="inky.framework.display:TransitioningObjectBehavior" type="e" /> 
      </script>
      <script name="inky/framework/net/ImageLoader" mod="1217015513796" >
        <def id="inky.framework.net:ImageLoader" /> 
        <dep id="inky.framework.net:GraphicLoader" type="i" /> 
        <dep id="AS3" type="n" /> 
      </script>
      <script name="inky/framework/net/SWFLoader" mod="1217015498937" >
        <def id="inky.framework.net:SWFLoader" /> 
        <dep id="inky.framework.net:GraphicLoader" type="i" /> 
        <dep id="AS3" type="n" /> 
      </script>
      <script name="inky/framework/core/Section" mod="1217015709109" >
        <def id="inky.framework.core:Section" /> 
        <dep id="inky.framework.display:TransitioningMovieClip" type="i" /> 
        <dep id="inky.framework.core:IInkyDataParser" type="i" /> 
        <dep id="AS3" type="n" /> 
        <dep id="inky.framework.data:SectionInfo" type="s" /> 
        <dep id="flash.utils:Dictionary" type="s" /> 
        <dep id="inky.framework.utils:SPath" type="s" /> 
        <dep id="inky.framework.managers:NavigationManager" type="s" /> 
        <dep id="com.exanimo.controls:IProgressBar" type="s" /> 
        <dep id="inky.framework.managers:MarkupObjectManager" type="s" /> 
        <dep id="flash.events:Event" type="s" /> 
        <dep id="flash.net:URLRequest" type="s" /> 
        <dep id="inky.framework.managers:LoadManager" type="s" /> 
        <dep id="flash.display:DisplayObject" type="s" /> 
        <dep id="inky.framework.core:Application" type="s" /> 
        <dep id="Error" type="s" /> 
        <dep id="flash.display:DisplayObjectContainer" type="s" /> 
        <dep id="XML" type="s" /> 
        <dep id="flash.utils:Dictionary" type="e" /> 
        <dep id="flash.utils:setTimeout" type="e" /> 
        <dep id="inky.framework.managers:NavigationManager" type="e" /> 
        <dep id="inky.framework.utils:SPath" type="e" /> 
        <dep id="inky.framework.events:TransitionEvent" type="e" /> 
        <dep id="com.exanimo.controls:IProgressBar" type="e" /> 
        <dep id="inky.framework.managers:MarkupObjectManager" type="e" /> 
        <dep id="flash.events:Event" type="e" /> 
        <dep id="ArgumentError" type="e" /> 
        <dep id="flash.net:URLRequest" type="e" /> 
        <dep id="com.exanimo.controls:ProgressBarMode" type="e" /> 
        <dep id="inky.framework.managers:LoadManager" type="e" /> 
        <dep id="flash.display:DisplayObject" type="e" /> 
        <dep id="inky.framework.display:ITransitioningObject" type="e" /> 
        <dep id="inky.framework.core:Application" type="e" /> 
        <dep id="flash.net:navigateToURL" type="e" /> 
        <dep id="Error" type="e" /> 
        <dep id="inky.framework.display:TransitioningObjectState" type="e" /> 
        <dep id="flash.utils:getQualifiedClassName" type="e" /> 
      </script>
      <script name="inky/framework/net/RuntimeLibraryLoader" mod="1217015481390" >
        <def id="inky.framework.net:RuntimeLibraryLoader" /> 
        <dep id="inky.framework.net:SWFLoader" type="i" /> 
        <dep id="AS3" type="n" /> 
      </script>
      <script name="AboutSection" mod="1217130222593" >
        <def id="AboutSection" /> 
        <dep id="inky.framework.core:Section" type="i" /> 
        <dep id="AS3" type="n" /> 
      </script>
      <script name="HoursSection" mod="1217130222593" >
        <def id="HoursSection" /> 
        <dep id="inky.framework.core:Section" type="i" /> 
        <dep id="AS3" type="n" /> 
      </script>
      <script name="PricingSection" mod="1217130222593" >
        <def id="PricingSection" /> 
        <dep id="inky.framework.core:Section" type="i" /> 
        <dep id="AS3" type="n" /> 
      </script>
      <script name="inky/framework/core/Application" mod="1217015687046" >
        <def id="inky.framework.core:Application" /> 
        <dep id="inky.framework.core:Section" type="i" /> 
        <dep id="inky.framework.core:inky" type="n" /> 
        <dep id="AS3" type="n" /> 
        <dep id="flash.utils:Dictionary" type="s" /> 
        <dep id="inky.framework.data:SectionInfo" type="s" /> 
        <dep id="flash.net:URLLoader" type="s" /> 
        <dep id="com.exanimo.net:LoadQueue" type="s" /> 
        <dep id="flash.events:Event" type="s" /> 
        <dep id="XML" type="s" /> 
        <dep id="flash.net:URLRequest" type="s" /> 
        <dep id="inky.framework.data:SectionInfo" type="e" /> 
        <dep id="flash.utils:Dictionary" type="e" /> 
        <dep id="flash.events:Event" type="e" /> 
        <dep id="QName" type="e" /> 
        <dep id="flash.net:URLRequest" type="e" /> 
        <dep id="flash.events:IOErrorEvent" type="e" /> 
        <dep id="flash.display:Loader" type="e" /> 
        <dep id="flash.net:URLLoader" type="e" /> 
        <dep id="com.exanimo.net:LoadQueue" type="e" /> 
        <dep id="inky.framework.core:inky" type="e" /> 
        <dep id="Error" type="e" /> 
        <dep id="XML" type="e" /> 
        <dep id="com.exanimo.utils:URLUtil" type="e" /> 
      </script>
      <script name="PetsittersApplication" mod="1217130222593" >
        <def id="PetsittersApplication" /> 
        <dep id="inky.framework.core:Application" type="i" /> 
        <dep id="AS3" type="n" /> 
        <dep id="flash.events:MouseEvent" type="s" /> 
        <dep id="flash.display:SimpleButton" type="s" /> 
        <dep id="flash.events:MouseEvent" type="e" /> 
      </script>
    </library>
  </libraries>
  <files>
  </files>
</swc>
